<?xml version="1.0" encoding="UTF-8"?>
<ti:module xmlns:ti="http://ti.appcelerator.org" xmlns:android="http://schemas.android.com/apk/res/android">
	<android xmlns:android="http://schemas.android.com/apk/res/android">
        <manifest>
            <application>
                <service android:name="oracle.opensync.syncagent.android.SyncAgentService"></service>
            </application>

            <uses-permission android:name="android.permission.READ_PHONE_STATE" />
            <uses-permission android:name="android.permission.ACCESS_NETWORK_STATE" />
            <uses-permission android:name="android.permission.ACCESS_WIFI_STATE" />
            <uses-permission android:name="android.permission.BATTERY_STATS" />
            <uses-permission android:name="android.permission.INTERNET" />
        </manifest>
	</android>
</ti:module>
